"chr","start","end","length","orientation","type","name","sequence_original","sequence_modified"
"chr5","101544","101623","80","W","ss","Probe_URA-L-17213-MfeI-RC","CGATGAGATCACTATACCTGTACTCTTAAAAGAGGCCCAACCTTATCAACTTCTATTGTTAAAGTAGACAATTGTATCGT","CGATGAGATCACTATACCTGTACTCTTAAAAGAGGCCCAACCTTATAAACTTCTATTGTTAAAGTAGACAAATGTATGGT"
"chr5","102473","102552","80","W","ss","Probe_URA-L-16220-MfeI-RC","GCATCTGTAAATGCACAAACATGTATTATCAATTGAGCTGTAGTAATTTAGGCATAACAAAAAGGTGCAAGATCTCATGG","GCATCTGTAAATGCACAAACATGTATTGTCAATTTAGCTGTAGTAATTTAGGCATAACAAAAAGGTGCAAGATCTCATGG"
"chr5","103074","103153","80","W","ss","Probe_URA-L-15683-SspI-RC","ACATAAGATCTATTGGAATATTTCAACGTTGCACAAGAAAGGTCTGATAATCGACCTAATAGATAGTTCTTATCACTCGC","ACATAAGATCTATTGGAATAATTCAACGTTGCACAAGAAATGTCTGTTAATCGACCTAATAGAAAGTTCTTATCACTCGC"
"chr5","108769","108848","80","W","ss","Probe_URA-L-9924-MfeI-RC","AAATCAATACCTTCCAAATCTTGGAACAATTGCCTTACATATTCCGGCATATTGTCCGGTCTATACCTACGATCAAACTT","AAATGAATACCTTCCAAAACTTGGAATAATTGCCTTACATATTCCGGCATATTGTCCAGTCTATACCTACGATCAAACTT"
"chr5","112161","112240","80","W","ss","Probe_URA-L-6532-MfeI-RC","CACAAATGATGTATTGAAGGCCGATACAATTGGCACAAATGTAGAATCCAAAGAAGAAGGAAGTCAAGAAGATCCCATCG","CACAAATGTTGTATTGAAGGCCGTTACAAATGGCACAAATGTAGTATCCAAAGAAGAAGCAAGTCAAGAAGATCCCATCG"
"chr5","112692","112771","80","W","ss","Probe_URA-L-6065-SspI-RC","ATTACAGATCGAGCTCACTCTAACAAGAATATTTTCTATTCTTTTAGATGATGGTACCGCAAATAACTCGAGTTCTGAAA","ATTACAGATCGAGCACACTCTAACAAGAATAATTTCTATTCTTTTACATGTTGGTACCGCAAATAACTCGAGTTATGAAA"
"chr5","114214","114293","80","W","ss_neg","Probe_URA-L-4543-SspI-RC","AACAAAGATCCTAAAATTTTCTCCAAGGAATTATGGTTAAACATTGTTAATATTATACTAACATTGTACGAAGACTTGAT","AACAAAGATCCTAAAATTTTCTCCAAGGAATTATGGTTAAACATTGTTAATAATATACTAACATTGTACGAAGACTTGAT"
"chr5","115029","115108","80","W","ss","Probe_URA-L-3728-SspI-RC","TGAATCGATCAAGACAGACAGCAATATTTTGACAAATGAGAACTTCATGTGGGTCCTAGGACTATTAGATGAAATTTCAT","TTAATCGATCAAGACAGACAGCAATAATTTGACAAATGAGTACTTCATGTGTGTCCTAGGACTATTAGAAGAAATTTCAT"
"chr5","115676","115755","80","W","ss","Probe_URA-L-3081-MfeI-RC","CTCATGGATCTGCACATGAACAAACACCAGAGTCAAACGACGTTGAAATTGAGGCTACTGCGCCAATTGATGACAATACA","CTCATGGATCTGCACATTAACAAACACCAGAGGCAAACGACGTTGAAATTGAGGCTACTGCGCCAATTTATGACAATACA"
"chr5","116180","116259","80","W","ss","Probe_URA-L-2599-MfeI-RC","GCAATGGATCCCCAGAATTCATTGACGTCCTCCAATTGGTTCATATGTTTCATTCAGGCTTCTGCCGTTTTGGATTTAAC","GCAATGGATCCCCAGAATTTATTGACGTACTCCAAATGGTTAATATGTTTCATTCAGGCTTCTGCCGTTTTGGATTTAAC"
"chr5","117155","117234","80","W","ss","Probe_URA-L-1560-SspI-RC","ACTGTATTCGAATGAAAGAGTAACCATTGTTGCGGACCAATTTACTCAATATTTGACTGCTGCGCTAAGCGATCCATCCA","ACTGTATTCGAATGAAAGAGTAACCATTGTTGCGCACCAATTTACTCACTATTTGACTGCTGCGCTAAGCGATCCATCCA"
"chr5","118005","118084","80","W","ss_neg","Probe_URA-L-774-MfeI-RC","GCACATGATCCAATTCAAAGAGATATGTTTACACCATTATTTTTAGGTGCCCAATTGTATGTCCCTACTCAAGATGATAT","GCACATGATCCAATTTAAAGAGAAATGTTTACACCATTATTTTTAGGTGCCCAAATGTATGTCCCTACTCAAGATGATAT"
"chr5","120217","120296","80","W","ss","Probe_URA-R-1439-SspI","TTGGCAGATCTTTAACTCGGCTTTAGTTATCCAAGTTACTTGCAATATTTCCTTCTGCGAGAGTACATTTGCCCTTAAAC","TTGGCAGATCTTTAACTCGGCTTTAGTTATACAAGTTACTTGCATTATTTCCTTCTGCGAGAGTACATTTGCCCTTAAAC"
"chr5","121440","121519","80","W","ss","Probe_URA-R-2715-93-SspI","CCAATAACAATCAGAATATTTTTATTTTTATGTTGCAAAATAAGCTGTACGACTTTTTTGATCTTCGACGGATCAGGGCC","CCAATAACATTCAGAATACTTTTATTTTTATGTTGCAAAATAAGCTGTACGACTTTTTTGATCTTCGACGGATCAGGGCC"
"chr5","121668","121747","80","W","ss","Probe_URA-R-2954-SspI","GTAATCATGTCAATATTGTCAGGGGTTAACTTTCCGGTAAACTTCAAAAATGGGGACAAAAGACTAACTTGATCCAACTC","GTATTCATGTCATTATTGTCAGGGGTTAACTTTCCGGTAAACTTCAAAAATGGGGACAAAAGACTAACTTGATCCAACTC"
"chr5","126787","126866","80","W","ss","Probe_URA-R-8073-SspI","TATCGTCATATCTGTGCTTTCTGTTATCGTATTGGAAATATTTCCAGCTCGGGTCGAAATCTTCTTTCAGGATCACGTGA","TATCGTCATACCTGTGCTTTCTGTTACCGTATTGGAATTATTTCCAGCTAGTGTCGAAAACTTCTTTCAGGATCACGTGA"
"chr5","127806","127885","80","W","ss","Probe_URA-R-9028-MfeI","GTATTTGATCTATTCGCAATTGTCCGGGGCCCATTATCAATAGGTTTTGGGCACTTCGAATATAAAAGCAACTCAATGAG","GTATTTGATCTATTCGCATTTGTCCGGGGCCCATTATGAATAGGTTTTGGGCACTTCGAATATAAAAGCAACTCAATGAG"
"chr5","129019","129098","80","W","ss","Probe_URA-R-10241-SspI","ATCGATGATCCCAAATACCTACCAATAACTCAGTCTTTGAATATTACACATTTAATTCACTCTGCAACTAACTCTCCATC","ATCCATGATCCCAAATACCTACCAATAACTCAGTCTTTGATTATTACACATTTAATTCACTCTGCAACTAACTCTCAATC"
"chr5","130830","130909","80","W","ss","Probe_URA-R-12116-SspI","TACTGAAAAATACGTCCGTCAGGTCTCTAGAGAGGTACTGGAACCCATCTTAATATTATTACAAAGCCAAGATCCACAGA","TACTGAAAAATACGTCCGTCAAGTCTCTAGAGAGGTACTGGAAACCCTCTTAATACTATTACAAAGCCAAGATCCACAGA"
"chr5","132260","132339","80","W","ss","Probe_URA-R-13482-SspI","ACACAGGATCTGAACATCAACCTGTAGAGGATGCAAGTTTGGAATTGTATAATATTACTCAACAGATTTTACAATTTTTA","ACACAGGATCTGAAAATAAACCTGTAGAGAATGCAAGTTTGGAATTGTATATTATTACTCAACATATTTTACAATTTTTA"
"chr5","132754","132833","80","W","ss","Probe_URA-R-14040-MfeI","CGTTTTTAGAATATATTGTAATAAAACACAATTGATAATACAGTTCTCTCTTCGTCCTCTGATGGTGGGAGATCTATTAA","CGTTTTTAGAATATATTGTAATAAAACACAATTAATAATACAGTTGTCTCTTCGTCCTCTTATGGTGGCAGATCTATTAA"
"chr4","64420","64479","","","ds","chr4-64420-CDC13","CAACTCACTTGTGGATATCTTCAACAATTTAATAGAAATGAATAGAGACGAGAAAAACAG",""
"chr8","428677","428736","","","ds","chr8-428677-DNA2","CTGATGACTACGAAGATGTCCAAAATCCCTCTTCTACACCTATAGTCCCTAATCGACTGA",""
"chr15","996452","996511","","","ds","chr15-996452-MEK1","ATGAGACCGTTGTATAGCTGCAACCTTGCAACCAAAGATGATATTGAGATGGCAGGTGGC",""
"chr2","650593","650652","","","ds","chr2-650593-MET8","CCGAACTGGGACCCCACGAAGAATGAAATTTACGAGTACATCCGCAGTGACTTCAAAGAC",""
"chr15","620339","620398","","","ds","chr15-620339-PDR5","CTAAAGAAACCAATACTTTCCAAATCTTGAAACCAATGGATGGTTGCCTAAACCCAGGTG",""
"chr10","449622","449681","","","ds","chr10-449622-POL31","GGTGGTTCTGATGAAATTATGCTCGAAGATGAAAGTGGGAGAGTGCTTCTAGTGGGAGAT",""
"chr8","140404","140458","","","ds","chr8-140404-ARG4-54nt","TGGCTCTTTGTCTTCTTGCATGTCTTTATCATAAGTAGATGGGATACCCTTCAA",""
"chr8","103079","103138","","","ds_neg","Neg_chr8-103079","",""
"chr4","200383","200442","","","ds_neg","Neg_chr4-200383","",""
"chr2","199707","199766","","","ds_neg","Neg_chr2_199707","",""
"chr15","331170","331229","","","ds_neg","Neg_chr15-331170","",""