chr,start,end,type,name,fragment,fragment_start,fragment_end,sequence
chr5,101544,101613,ss,Probe_URA-L-17213-MfeI-RC,18529,101549,102542,TGTCTACTTTAACAATAGAAGTTtATAAGGTTGGGCCTCTTTTAAGAGTACAGGTATAGT
chr5,102483,102542,ss,Probe_URA-L-16220-MfeI-RC,18529,101549,102542,TTGCACCTTTTTGTTATGCCTAAATTACTACAGCTaAATTGAcAATACATGTTTGTGCAT
chr5,103084,103143,ss,Probe_URA-L-15683-SspI-RC,18535,103079,103318,AGAACTtTCTATTAGGTCGATTAaCAGACATTTCTTGTGCAACGTTGAAtTATTCCAATA
chr5,108779,108838,ss,Probe_URA-L-9924-MfeI-RC,18559,108511,108838,GTAGGTATAGACtGGACAATATGCCGGAATATGTAAGGCAATTaTTCCAAGtTTTGGAAG
chr5,112171,112230,ss,Probe_URA-L-6532-MfeI-RC,18583,112131,112230,TTCTTGACTTgCTTCTTCTTTGGATaCTACATTTGTGCCAtTTGTAaCGGCCTTCAATAC
chr5,112712,112771,ss,Probe_URA-L-6065-SspI-RC,18589,112697,112942,TTTCAtAACTCGAGTTATTTGCGGTACCAaCATgTAAAAGAATAGAAAtTATTCTTGTTA
chr5,114214,114293,ss_neg,Probe_URA-L-4543-SspI-RC,18600,114219,114526,
chr5,115039,115098,ss,Probe_URA-L-3728-SspI-RC,18605,115034,115185,tTCTAATAGTCCTAGGACaCACATGAAGTaCTCATTTGTCAAAtTATTGCTGTCTGTCTT
chr5,115686,115745,ss,Probe_URA-L-3081-MfeI-RC,18611,115681,115985,TaAATTGGCGCAGTAGCCTCAATTTCAACGTCGTTTGcCTCTGGTGTTTGTTaATGTGCA
chr5,116200,116259,ss,Probe_URA-L-2599-MfeI-RC,18614,116185,116556,ATTGACGTaCTCCAAaTGGTTaATATGTTTCATTCAGGCTTCTGCCGTTTTGGATTTAAC
chr5,120227,120286,ss,Probe_URA-R-1439-SspI,18621,120222,120585,TTTAACTCGGCTTTAGTTATaCAAGTTACTTGCAtTATTTCCTTCTGCGAGAGTACATTT
chr5,121440,121499,ss,Probe_URA-R-2715-93-SspI,18632,121338,121498,CCAATAACAtTCAGAATAcTTTTATTTTTATGTTGCAAAATAAGCTGTACGACTTTTTTG
chr5,121678,121737,ss,Probe_URA-R-2954-SspI,18634,121509,121737,CAtTATTGTCAGGGGTTAACTTTCCGGTAAACTTCAAAAATGGGGACAAAAGACTAACTT
chr5,126797,126856,ss,Probe_URA-R-8073-SspI,18666,126766,126856,cCTGTGCTTTCTGTTAcCGTATTGGAAtTATTTCCAGCTaGtGTCGAAAaCTTCTTTCAG
chr5,127816,127875,ss,Probe_URA-R-9028-MfeI,18673,127811,128899,TATTCGCAtTTGTCCGGGGCCCATTATgAATAGGTTTTGGGCACTTCGAATATAAAAGCA
chr5,129029,129088,ss,Probe_URA-R-10241-SspI,18676,129024,129138,CCAAATACCTACCAATAACTCAGTCTTTGAtTATTACACATTTAATTCACTCTGCAACTA
chr5,130840,130899,ss,Probe_URA-R-12116-SspI,18694,130636,130899,TACGTCCGTCAaGTCTCTAGAGAGGTACTGGAAaCCcTCTTAATAcTATTACAAAGCCAA
chr5,132270,132329,ss,Probe_URA-R-13482-SspI,18706,132265,132823,TGAAaATaAACCTGTAGAGaATGCAAGTTTGGAATTGTATAtTATTACTCAACAtATTTT
chr5,132754,132813,ss,Probe_URA-R-14040-MfeI,18706,132265,132823,CGTTTTTAGAATATATTGTAATAAAACACAATTaATAATACAGTTgTCTCTTCGTCCTCT
chr5,118005,118084,ss_neg,Probe_URA-L-774-MfeI-RC,18618,118010,119581,
chr5,117165,117224,ss,Probe_URA-L-1560-SspI-RC,18616,116578,117224,GCTTAGCGCAGCAGTCAAATAgTGAGTAAATTGGTgCGCAACAATGGTTACTCTTTCATT
chr4,64420,64479,ds,chr4-64420-CDC13,8579,64397,64699,CAACTCACTTGTGGATATCTTCAACAATTTAATAGAAATGAATAGAGACGAGAAAAACAG
chr8,428677,428736,ds,chr8-428677-DNA2,32542,428559,429084,CTGATGACTACGAAGATGTCCAAAATCCCTCTTCTACACCTATAGTCCCTAATCGACTGA
chr15,996452,996511,ds,chr15-996452-MEK1,68339,996325,996743,ATGAGACCGTTGTATAGCTGCAACCTTGCAACCAAAGATGATATTGAGATGGCAGGTGGC
chr2,650593,650652,ds,chr2-650593-MET8,5315,650550,650756,CCGAACTGGGACCCCACGAAGAATGAAATTTACGAGTACATCCGCAGTGACTTCAAAGAC
chr15,620339,620398,ds,chr15-620339-PDR5,65930,620091,620478,CTAAAGAAACCAATACTTTCCAAATCTTGAAACCAATGGATGGTTGCCTAAACCCAGGTG
chr10,449622,449681,ds,chr10-449622-POL31,38864,449566,449929,GGTGGTTCTGATGAAATTATGCTCGAAGATGAAAGTGGGAGAGTGCTTCTAGTGGGAGAT
chr8,140404,140458,ds,chr8-140404-ARG4-54nt,30750,140235,140467,TGGCTCTTTGTCTTCTTGCATGTCTTTATCATAAGTAGATGGGATACCCTTCAA
chr8,103079,103138,ds_neg,Neg_chr8-103079,30534,103004,103226,
chr4,200383,200442,ds_neg,Neg_chr4-200383,9403,200383,200521,
chr2,199707,199766,ds_neg,Neg_chr2-199707,2630,199707,199746,
chr15,331170,331229,ds_neg,Neg_chr15-331170,64173,331170,331293,
